User ID,First Name,Last Name,Email,Password,Roles,Social Media,Followers Count,Account Plan,Country,Language
xcbnlYaHhv,Jessica,Woodward,jessica.woodward@smith.com,ZGKxTYn06ByT,Moderator,Instagram,603594,Free,South Korea,Chinese
KAoCCICfZg,Brent,Dixon,brent.dixon@walker.net,LdR6wX5KMLj2,User,TikTok,995389,Basic,Australia,Portuguese
FeHCs3DTkC,Molly,Wilson,molly.wilson@warner.com,1hcAqGze6W6O,User,Instagram,598512,Free,USA,Korean
ttOccZtcqF,Kristie,Mccullough,kristie.mccullough@harrison.com,Du4xIeZW5dbn,Moderator,YouTube,352212,Free,France,Korean
ezzpVUTKRz,Donald,Shaw,donald.shaw@phillips.net,wBgcXG4RSzpc,Editor,YouTube,392600,Premium,Japan,Japanese
x4FdP0PURi,Melissa,Porter,melissa.porter@villarreal.com,bNv7qJnxAUgx,Guest,Facebook,673368,Free,South Korea,English
Ymhuqo4LN1,Paul,Lindsey,paul.lindsey@wagner-hendricks.biz,1dt9eJG64NCe,Moderator,TikTok,856530,Basic,Japan,Italian
LF5eanF4DP,Blake,Hobbs,blake.hobbs@jones-cook.info,ETEwDYc8rxE1,User,Instagram,290456,Enterprise,USA,Spanish
tn9qYDK2RZ,John,Lane,john.lane@lewis.com,LddZqlDDTJyR,Guest,YouTube,428067,Basic,France,Italian
opgiUBhhxI,Rachel,Young,rachel.young@duke.com,5kfVnZ244azS,Guest,Twitter,612725,Basic,India,English
qSBUxRdG81,Katie,Thompson,katie.thompson@franco.info,rc0xlqqHCPrm,Editor,Instagram,874858,Free,India,Japanese
KwQrcByEr9,Rachel,Wagner,rachel.wagner@richard-banks.com,G39uOiesjVVX,User,LinkedIn,732646,Premium,USA,German
MTpZviGRSt,Aaron,Scott,aaron.scott@sanchez.info,zfuqRsiDNkYP,Guest,Facebook,41587,Free,Germany,Japanese
gSbowihCIm,Jerome,Ray,jerome.ray@yates.com,iZTmDqXbvrOG,Guest,TikTok,390942,Premium,USA,Japanese
jQ0xeEf4AF,Robert,Hansen,robert.hansen@thompson.com,PMbYamlayPZh,User,TikTok,272484,Premium,Canada,Korean
QDXMBUjc7y,Robert,Scott,robert.scott@aguirre.com,XleaSymTBB9q,Moderator,TikTok,174522,Basic,Japan,German
6RjcRoMxIw,John,Hudson,john.hudson@mcintyre.com,sEkM3KYkzoQK,Admin,Facebook,965264,Free,Brazil,Russian
Ii36oGCFoR,William,Mcdonald,william.mcdonald@walker.org,FJXU8yIS4bS4,Admin,TikTok,503661,Premium,UK,Chinese
evyoTzOQfP,Jacob,Glover,jacob.glover@harding.com,khzsnpAuWkH3,Guest,YouTube,277489,Premium,South Korea,English
ZdWUrcU1OU,Tyler,Quinn,tyler.quinn@long-lane.com,F0nbrygtXIom,Moderator,TikTok,257112,Basic,Brazil,Italian
kgqwptd1v3,Benjamin,Wilson,benjamin.wilson@hamilton.info,vHrzT5FMy3sB,User,Twitter,459101,Free,France,Korean
mXQ2fR7U7L,Justin,Miller,justin.miller@bruce.org,xXxi4c7n0Dpy,User,TikTok,199876,Free,Brazil,Russian
QimefLDtfM,Gary,George,gary.george@davis.com,h9KZNPGCjNeJ,Editor,Facebook,281,Free,UK,German
sa0nWoW6Ww,Kimberly,Hayes,kimberly.hayes@evans.com,BgqpI1csb2LV,Guest,TikTok,894589,Basic,Brazil,Japanese
cDE94Hd4wa,Cathy,Murphy,cathy.murphy@robbins.com,3jpVraiDBGK7,Editor,Twitter,52905,Enterprise,India,Portuguese
NCfecv0h7b,Luke,Cole,luke.cole@rivera.com,jtuNYZcQHBjh,Guest,LinkedIn,696963,Premium,Australia,Russian
PQVKL1azdk,Cameron,Hill,cameron.hill@warner.com,SDamie1ThZEX,User,Twitter,786778,Premium,USA,French
0YlRIfR9U1,Eric,Barnett,eric.barnett@wolfe.biz,SZd3Su2YD3pH,Editor,Facebook,938095,Enterprise,South Korea,English
Q3T46IpOA9,Angela,Smith,angela.smith@garcia.com,9E5uXuI8oPas,Guest,TikTok,264810,Basic,France,German
qOiIsR1NBG,Phillip,Black,phillip.black@myers.com,6Zx00XYxxJbR,Admin,Instagram,721916,Free,India,Korean
MzZbDkGkZp,Micheal,Dunlap,micheal.dunlap@barnett-simmons.com,fGsnpig7b007,User,Twitter,3336,Free,Brazil,Spanish
6HgcPGT85Z,Amber,Pierce,amber.pierce@martinez.com,BtQqdENinAuj,User,LinkedIn,678443,Premium,India,Japanese
E1K73TaL1x,Donna,French,donna.french@torres.com,1hH57mHPe9Dj,Moderator,LinkedIn,934876,Free,France,Spanish
HOqld24TTR,Melissa,Gutierrez,melissa.gutierrez@jones.com,nGwZZ3qg0nN3,Editor,LinkedIn,824857,Free,UK,Chinese
kYuVnneX7R,Randy,Douglas,randy.douglas@torres-miller.com,0m1I4DIEAHoe,User,TikTok,305257,Basic,Canada,French
n5tZ5S1UvE,Jennifer,Aguirre,jennifer.aguirre@scott-campos.com,MOn2UGPbkAPr,Guest,Facebook,438719,Premium,France,Japanese
L6ah89qJ0p,Kevin,Bowman,kevin.bowman@roberts.info,l0MJf5VvyixR,User,Facebook,3846,Enterprise,Australia,Korean
I5I0ectQmC,Christian,Gonzalez,christian.gonzalez@short.com,yyPW8dLUARIh,Editor,TikTok,450477,Enterprise,India,Japanese
R2E6uO3amu,April,Saunders,april.saunders@romero.com,GVF7sW6sTW3w,Admin,LinkedIn,703230,Premium,France,Russian
lx12DQYAUH,Misty,Parrish,misty.parrish@jones.net,UrAh7GEg0SwE,User,Facebook,437135,Enterprise,Brazil,German
6j3ONQRRJM,Jacqueline,Weaver,jacqueline.weaver@carter.com,OLkJujKzIJJP,Moderator,TikTok,793542,Premium,USA,English
YML2D0w4rz,Brian,Harmon,brian.harmon@vaughn.com,r3s0nXKWcSqz,Guest,Instagram,505492,Premium,France,Italian
ZYF8ZncBuT,Alicia,Mcdowell,alicia.mcdowell@adams-barton.info,aekBYKOzUfVe,User,Twitter,946010,Enterprise,Brazil,Spanish
duyMQxhnd0,Beth,White,beth.white@proctor-johnson.info,7Yl1mGo8PxED,Editor,Instagram,522512,Basic,UK,Japanese
ekns66xHEV,Erica,Silva,erica.silva@ryan.net,1xwFh9tymjUm,Moderator,Twitter,122930,Enterprise,South Korea,French
F5bH09zPJZ,Leslie,Buck,leslie.buck@smith.com,2F6gahPYBIkP,Guest,Instagram,682255,Free,Canada,Italian
dl1zJKQks7,Jerry,Crawford,jerry.crawford@jackson.com,ri3tsn6ijfIR,Moderator,LinkedIn,936943,Enterprise,Germany,German
rgdnVGEjde,Kristin,West,kristin.west@garcia-patterson.com,PAVAq0zRYNVD,User,TikTok,452752,Free,UK,Chinese
IKeRKPJVTE,Angie,Murphy,angie.murphy@baker.info,qllMacvea6LR,Guest,LinkedIn,992003,Enterprise,India,Spanish
rewhWZcSj3,Christopher,Goodman,christopher.goodman@sanchez.org,RMZDHLPp5fpY,User,Facebook,781756,Basic,USA,Portuguese
u9rVmE5JYU,Jason,Bryan,jason.bryan@stevens-olson.org,TAreW7H9XXjT,User,Twitter,530647,Basic,Germany,Japanese
J5tJ1rqokQ,Valerie,Nichols,valerie.nichols@mcdonald-obrien.net,HwUbD1kPr1Fp,Admin,Instagram,455514,Premium,Australia,German
vwsUHASPRK,Dennis,Thomas,dennis.thomas@french-nguyen.info,YSd82JZXMs5Z,Admin,Twitter,482427,Basic,UK,Chinese
SPabozM6c4,Susan,Mayo,susan.mayo@smith.com,yYbw1jfmisiC,Editor,Instagram,458333,Basic,UK,Chinese
YPCOzZpM3T,Donald,Lambert,donald.lambert@jones.com,3M8LeVOGLagh,Guest,TikTok,318397,Free,South Korea,Japanese
TLTiVzIxfG,Katherine,Jacobson,katherine.jacobson@fowler.info,CnH85YUvxPsp,Guest,YouTube,589529,Enterprise,Japan,English
rCRXYemlps,Todd,Rodgers,todd.rodgers@torres-glover.com,xcIKRcM25GFS,Editor,TikTok,113159,Enterprise,Canada,French
Md8xfeRQpT,Cindy,Haas,cindy.haas@odom.biz,xgeq2oATpXJo,Admin,YouTube,852548,Basic,Germany,Russian
j2IR0aEcaN,Monica,Harris,monica.harris@evans.com,kf0L68x1FQRi,Editor,Twitter,332921,Premium,Brazil,Chinese
Ur2uuUubDb,Lauren,Francis,lauren.francis@bridges.com,9MKaWmWOmlVf,Guest,TikTok,912275,Premium,Brazil,French
oMaDvmrc9k,Kevin,Kennedy,kevin.kennedy@gordon-davis.net,BlLE3gu98PPw,Admin,Twitter,178886,Free,France,English
bXFT5pdKYP,Adam,Perez,adam.perez@dickson.com,ttbe24W6MpwC,Admin,LinkedIn,379204,Free,India,Russian
Cbrz2gPedx,Shannon,Davis,shannon.davis@mata-taylor.net,nXsPyPTpgTtB,Editor,Facebook,644678,Free,Brazil,English
FEVQOEwhlL,Matthew,Bray,matthew.bray@fletcher.com,PmLX4OkM0cNG,Guest,Facebook,833940,Enterprise,Japan,Spanish
KFZ23MVJFL,Veronica,Lucero,veronica.lucero@baker-guzman.com,p81VTRZeR2pL,Guest,TikTok,635049,Premium,Germany,German
ELkdl6rXZw,Steven,Hartman,steven.hartman@robinson.com,zhUgr1L9CaCI,Guest,Facebook,331884,Premium,Japan,English
eLw71ud2OA,Jimmy,Reyes,jimmy.reyes@arellano.com,ayeCwQwkJId3,Moderator,TikTok,794013,Premium,Germany,Italian
SWxJfgTBpu,Jeffrey,Olson,jeffrey.olson@evans.com,R9aAIJ2GuB1b,Admin,Twitter,678923,Free,Canada,French
f25TNiUsTH,Lauren,Merritt,lauren.merritt@vazquez-martinez.org,8p0GPcZw38aw,Guest,LinkedIn,685606,Enterprise,Brazil,Chinese
Pn8qMHgCua,Tara,Cochran,tara.cochran@smith.com,cWFk58znKxNn,Admin,Facebook,378112,Enterprise,South Korea,Italian
KpTECVRI1o,Linda,Henry,linda.henry@ross.com,JVd1ibhHlzbx,Guest,LinkedIn,797768,Basic,USA,Spanish
sflVBTVkLH,Catherine,Charles,catherine.charles@maxwell.biz,EcvHOnkvCjUb,User,Twitter,221855,Free,Germany,French
dQSHh7CMEK,Patrick,Snyder,patrick.snyder@carter.com,c0O8OJzLu6wu,Moderator,Twitter,491437,Premium,South Korea,Japanese
R2n9LK6xjw,Andrew,Harris,andrew.harris@gordon.com,EQP8Cx5dhuZ8,Moderator,TikTok,713162,Basic,Brazil,Spanish
ITqXXThlWd,Brett,West,brett.west@johns.biz,xqU1VY4EfE7r,Editor,TikTok,42562,Basic,India,Chinese
WC5eIQL7Ip,John,Stevens,john.stevens@ortiz-sexton.com,n4470rCD4OBc,Editor,TikTok,155797,Enterprise,Germany,Spanish
H2bST3aCWU,Jasmine,Ingram,jasmine.ingram@gonzalez-hill.biz,vOoQedut86yB,Editor,LinkedIn,657344,Premium,South Korea,Japanese
yUdDw1DvNB,Richard,Andrews,richard.andrews@morgan.net,kKYnLYMyfPKs,User,Facebook,177577,Premium,Germany,German
e0jAoonNQ2,Amanda,Brown,amanda.brown@hunt.com,f80CZwHeRNti,Guest,YouTube,275480,Basic,Germany,Russian
doc4bolMNG,Monica,Williams,monica.williams@ramirez.net,CTfkpanwPfXA,Admin,Facebook,416375,Basic,Canada,Russian
SQbaHmRns7,Timothy,Robinson,timothy.robinson@sweeney-oconnor.com,7hreOMK5l8oP,Editor,Twitter,844558,Free,Brazil,Portuguese
BApIpNYjph,Jodi,Wilson,jodi.wilson@kelly.biz,Lt71LxoHq3sv,Admin,LinkedIn,169203,Enterprise,Australia,Korean
OHGroUOWCs,Julie,Blevins,julie.blevins@clements-chaney.net,pCIHEDenW22A,Guest,Twitter,439846,Premium,Japan,Portuguese
GmAMf56WFj,Vicki,Harris,vicki.harris@howe.org,c58Dl7EH0W5G,Guest,LinkedIn,546158,Premium,USA,Korean
xsVPCLJjXi,Patrick,Henderson,patrick.henderson@gentry.biz,5Zs1X6uNvOqh,User,Instagram,156363,Free,USA,Portuguese
pYCjxQZHW6,Courtney,Romero,courtney.romero@reed.net,9r1HGHVNELIk,Guest,LinkedIn,516349,Enterprise,Australia,Portuguese
9DpabRHtQS,Daniel,Reed,daniel.reed@hall-smith.com,0RMMB50ycOi3,Guest,YouTube,732983,Basic,Japan,German
XpJo30pfiD,Savannah,Diaz,savannah.diaz@hansen.com,P1DxlQK6NosP,Guest,TikTok,119685,Basic,South Korea,English
IHORo6dsIk,Angela,Cole,angela.cole@garza-contreras.biz,tl479dmL0tBf,Editor,Instagram,229716,Enterprise,Japan,English
QmlORxCGFm,Jennifer,Alexander,jennifer.alexander@reed.net,hdeC18EU6NCU,Guest,LinkedIn,475943,Basic,Australia,Korean
ZlFHf4VoSn,Brandy,Lewis,brandy.lewis@oliver-green.info,IeXxbQHO75sh,User,LinkedIn,485014,Enterprise,Canada,English
mrvwkzGx0x,Sharon,Welch,sharon.welch@martinez.org,nqR0RXN3IxtC,Admin,Instagram,722295,Basic,Brazil,Portuguese
IFG1uPEBMP,Matthew,Duran,matthew.duran@terry.com,cUvUnzjozeBu,Guest,LinkedIn,267777,Basic,France,Japanese
BkIUcYUoon,Kristen,Gibson,kristen.gibson@castillo.com,pmclJH22SwWs,Admin,LinkedIn,319655,Free,India,French
xhM08ak3s7,Mary,Cantu,mary.cantu@horn-pierce.com,Mn2jyIbKNeze,User,YouTube,789950,Basic,Germany,Japanese
Z0Kn4FG0iX,Heather,Coleman,heather.coleman@gilbert.com,THDzjlyfuLYZ,Guest,Twitter,464555,Premium,Germany,English
FzTFghW9J9,Thomas,Little,thomas.little@fisher-palmer.com,aKXKERriRyO0,Editor,Instagram,296822,Free,Japan,Italian
T4vOvsyx3l,Tiffany,Rivera,tiffany.rivera@lamb.info,OEoPwoqOukHI,Admin,YouTube,497666,Enterprise,USA,Italian
IUHpB3ky98,Barbara,Wilson,barbara.wilson@lopez-mitchell.com,e2SAJaGA1qkw,Admin,LinkedIn,606523,Basic,South Korea,German
BxCkJgXxyI,Phyllis,Henderson,phyllis.henderson@reynolds.org,3ordpzByyiym,Admin,YouTube,140948,Free,Japan,French
LcmjOnWhtN,Jessica,Mays,jessica.mays@wagner-brown.com,N5zkPaovszad,Guest,Facebook,33664,Free,Australia,Italian
itAYa4l0lc,Lindsay,Villanueva,lindsay.villanueva@bennett.com,3gOrCL3oxmsY,Admin,LinkedIn,298929,Enterprise,Japan,Japanese
WIK66PKeBR,Deborah,Gordon,deborah.gordon@hall-boone.com,BCUAx0qeliGs,Admin,Twitter,731902,Premium,France,Korean
HrK1PRePYD,David,Crawford,david.crawford@hernandez.biz,PUXcUBHLZIX8,Moderator,Twitter,199076,Premium,Australia,Portuguese
kpBxxGiKGZ,Melinda,Bryan,melinda.bryan@rojas.com,KSubJLMRj03I,Editor,Twitter,456579,Enterprise,Japan,Korean
STjrSrLVm3,Jaime,Waters,jaime.waters@bond-vasquez.org,gaSncpHNHTZH,Moderator,Twitter,18065,Enterprise,UK,French
1cTmncBBik,Steven,Smith,steven.smith@hawkins-mack.com,okFnf3wPGPtm,User,YouTube,913920,Premium,France,German
tgQIdZDBI7,William,Russell,william.russell@hernandez-hudson.com,q0ixvIqTZlUW,Moderator,YouTube,485206,Basic,USA,English
h1iDXaOaww,Cole,Estrada,cole.estrada@clay-buckley.com,6oEyhF2zGZXQ,Guest,Instagram,673035,Free,Japan,Russian
m7ahGp6fXi,Jennifer,Garcia,jennifer.garcia@baker-blevins.net,597R3VlUiMAG,Admin,YouTube,441753,Free,Brazil,German
6K4Hlo3kua,Robin,Ford,robin.ford@baker-lloyd.com,4EFJJcVjgyyz,Editor,Instagram,738961,Enterprise,India,Japanese
lFBsfo7r3H,Miguel,Maldonado,miguel.maldonado@jenkins.info,WfACZQmVSkbM,Editor,LinkedIn,380278,Enterprise,Brazil,English
UNvOVdPdeF,Bruce,Phillips,bruce.phillips@johnson.com,ixOP6wjhz2r5,User,Instagram,622028,Enterprise,Australia,Spanish
gYbsY7Bsfo,Michael,George,michael.george@davis.info,XOlHrrTQ1cTY,Moderator,Twitter,665951,Enterprise,Germany,Chinese
hZ0YTw792d,Anna,Bridges,anna.bridges@griffith.com,8277N9rNNE7U,Editor,Facebook,764507,Enterprise,Germany,German
u1SJ1ziGc9,Sheila,Cooper,sheila.cooper@jones-clark.com,yyJ4ZTHj3Ovg,Guest,Facebook,789062,Free,Japan,Korean
YKgMHU6Il1,Lori,Kim,lori.kim@martinez-villegas.com,1w1VUGl23dsK,User,YouTube,533149,Free,USA,Italian
iezHhy3ePE,Michelle,Noble,michelle.noble@andrews-williams.com,kyGwIyfKrqYq,Guest,YouTube,617480,Free,UK,French
ZyLzcAKLjE,Dustin,Vasquez,dustin.vasquez@patel.com,FR21Y1AJrAYW,Editor,Facebook,105510,Free,Germany,English
QWCxtPjrka,Kimberly,Bennett,kimberly.bennett@edwards.org,kdLO2rMu5QZy,Editor,Twitter,974216,Free,France,Portuguese
s5QKD8hE8U,Daniel,Henry,daniel.henry@larsen.com,SMTmN9RawjMg,Editor,LinkedIn,974752,Basic,India,German
SsLwkN1eHV,Ashley,Murphy,ashley.murphy@harris-green.org,hZfXW95xUY99,User,TikTok,857339,Basic,Japan,German
xWI2PNlVQX,Henry,Gonzalez,henry.gonzalez@weber.com,HbmVm9yJ9BiB,Moderator,LinkedIn,663229,Premium,Canada,Portuguese
168lQzTRzF,David,Hoffman,david.hoffman@higgins.com,0oqAMUp3nq6s,Guest,YouTube,997388,Enterprise,USA,English
S74Lw3QmkU,Susan,Morris,susan.morris@mccall.com,nd6GJ8ca5EK3,User,Twitter,936613,Premium,Germany,Korean
rozRcDcfKt,Ricky,Cruz,ricky.cruz@lara-bishop.com,YtFGd5jWzxW0,Editor,Twitter,46348,Basic,Germany,Spanish
Dcnvlk831P,Willie,Padilla,willie.padilla@hunter-lopez.com,Zq8u3dkMxjJ0,User,Twitter,912469,Premium,UK,Russian
qWysEG1Ij7,Daniel,Atkinson,daniel.atkinson@howard.info,CDyNgavCRHzh,Editor,YouTube,100797,Premium,Germany,English
v5FX3FIrqg,Zachary,Kennedy,zachary.kennedy@aguilar.com,PJBi0cq5SMIC,Editor,Instagram,996986,Premium,Canada,Chinese
x2m16l9QZ2,David,Mckay,david.mckay@baker-santiago.com,k8WHOF0hINYi,Editor,Instagram,715597,Basic,Brazil,Russian
AgaNGfUYoB,Beth,Combs,beth.combs@brewer.info,zu3ey5yMOp0k,Admin,YouTube,415802,Enterprise,Germany,Russian
uOYXzRvDMd,Alyssa,Reyes,alyssa.reyes@bush-friedman.com,wfxDzkBWihI6,Admin,Instagram,396838,Free,South Korea,Russian
AyEupMtaGb,Joy,Boyle,joy.boyle@thomas-nelson.com,sLdL9547kfiW,Admin,TikTok,472209,Premium,France,English
k55KCSpQ1l,Scott,Kaufman,scott.kaufman@vargas.biz,wvjoyzZg7GVn,Guest,Facebook,168822,Premium,South Korea,Portuguese
v8aislpOjX,Kelsey,Graves,kelsey.graves@waters.net,dgNUi3nRdcFn,User,YouTube,421337,Enterprise,India,French
jEIEcZELuD,Kristen,Herrera,kristen.herrera@morrison-miller.com,4bIP4nJo4ebw,Moderator,Instagram,454367,Enterprise,India,Chinese
fc4KXLfLH8,Kevin,Hernandez,kevin.hernandez@anderson.com,DdCYuVBA2E6l,Admin,Instagram,941267,Enterprise,Japan,Portuguese
FRO79kdA1X,Peter,Hendricks,peter.hendricks@barnes.com,S5xMqFy1XVmP,Admin,Facebook,445126,Free,Australia,French
CgGNraqhw2,Michael,Gould,michael.gould@hill.com,JitQsQkgJMjM,Editor,LinkedIn,754005,Premium,Japan,Portuguese
0IOipYupBE,Nicole,Bailey,nicole.bailey@chan.com,tPRki9HcXaEx,Moderator,TikTok,710948,Basic,Australia,Japanese
WrJ6jUGGMo,Teresa,Swanson,teresa.swanson@cross-vasquez.com,kHx0peMFAZKF,Moderator,YouTube,118317,Free,India,Portuguese
v3tQGiBo8D,Courtney,Bennett,courtney.bennett@alexander.com,XbLEO1TBakZl,Editor,Facebook,318569,Basic,Australia,Korean
R4Ltf7CFQO,Justin,Rogers,justin.rogers@simpson-hernandez.net,PfghZCGpcS86,Guest,YouTube,824467,Basic,Japan,Portuguese
pcdOapC8Cv,Joshua,Conley,joshua.conley@williams.com,2e0y81xrcxcZ,Guest,Facebook,985597,Basic,Brazil,Portuguese
3Q0Hnz6eRN,Lisa,Miller,lisa.miller@chan.com,ELWkZiDwQhUf,Editor,TikTok,263739,Premium,Japan,Chinese
iWwkRydFY6,Chad,Ramirez,chad.ramirez@mccoy-fernandez.com,nMH0VbLANeUC,Guest,YouTube,62440,Basic,South Korea,English
ZBCbwqPYi5,Terri,Martin,terri.martin@frank-carter.biz,dYk9qKDqjTbq,Guest,TikTok,869886,Basic,Australia,Russian
xVAuXFtRbj,Christopher,Ryan,christopher.ryan@cole-rivera.com,L1venJtu3VBH,Moderator,Facebook,531313,Enterprise,Germany,French
xeIJYo98T4,Teresa,Beltran,teresa.beltran@porter.com,CO2CvtQ6Y2Lv,User,YouTube,130378,Premium,UK,English
y6Au0LXibI,Kevin,Guerra,kevin.guerra@carroll.org,VpuI6rEuExoe,Guest,TikTok,203755,Premium,UK,German
0jgRKpiNR2,Vanessa,Williams,vanessa.williams@whitaker.com,svyfMqqKLuvl,Admin,LinkedIn,610716,Enterprise,USA,Portuguese
wrwS4DL64y,Michael,Pace,michael.pace@oneill.com,XYVpotTJRiUn,Moderator,Twitter,240300,Premium,Brazil,German
TGd0JvNuxm,Laura,Knight,laura.knight@black-thornton.org,803ktRNnwqbs,Guest,LinkedIn,64445,Basic,France,Korean
ReD3hDb3vn,Jon,Lee,jon.lee@clark.net,vimYG8ZX8y1G,Editor,Facebook,965591,Free,France,English
csav6pJY9v,Sean,Martin,sean.martin@taylor.net,paKwU23qJhub,Admin,YouTube,700474,Free,Germany,Japanese
wS9s91kG71,Monica,Richardson,monica.richardson@cooper.com,ViUVxkQPx191,Guest,TikTok,852970,Free,Brazil,English
4gUCewLRSd,David,Villarreal,david.villarreal@wise.com,xFowgfKC9kfL,Guest,YouTube,518933,Basic,USA,Chinese
xUft1dSMzM,Andrew,Phillips,andrew.phillips@ayers-ochoa.com,oZHCr1Es5PFp,User,Twitter,56841,Enterprise,UK,French
ChpbJOWsLP,James,Figueroa,james.figueroa@patton.com,DAAIUZfPE1CX,Editor,YouTube,874372,Enterprise,South Korea,Chinese
oSgw67h2rA,Ashley,Hall,ashley.hall@roberts-bautista.com,m0mkPZYgoGdw,Moderator,Twitter,940258,Basic,USA,Japanese
Jew0b0EARe,Cameron,Quinn,cameron.quinn@vazquez.com,Vjl55czYa6BH,Editor,Instagram,867950,Basic,Canada,Spanish
fedHe7WIN4,Michael,Warren,michael.warren@reid.com,wUN4fBfcbbGH,Moderator,YouTube,661218,Free,Brazil,Russian
g6FdG3zVfg,Benjamin,Serrano,benjamin.serrano@mccoy.net,7bFmhjya9WQB,Guest,TikTok,270616,Enterprise,Brazil,French
TtcL9ExYXA,George,Paul,george.paul@lopez.com,r4ewjUyZ6Yne,Editor,Facebook,375122,Basic,UK,Russian
VnG0qj30tE,Ashley,Rodriguez,ashley.rodriguez@alvarez-mccoy.info,4lLdCBSmLsdb,User,Instagram,376154,Basic,India,Portuguese
y8BxHdiVc4,Emily,Meza,emily.meza@king.info,0uptIqYQWoEj,Admin,Facebook,738500,Basic,France,Italian
dFaiechUhV,Gary,Johnson,gary.johnson@burton.com,6SJABoA76KS6,Admin,Instagram,700526,Free,India,French
6hEFAjr0EE,Sean,Hayes,sean.hayes@duke.net,Bc7mSwBEnX0o,Moderator,LinkedIn,374522,Enterprise,USA,Chinese
djwbZFON5w,Robert,Owen,robert.owen@ward.com,bJnSqYq7E9IO,Admin,YouTube,119695,Premium,Australia,Portuguese
KhKvlVciyx,John,Brooks,john.brooks@mcintyre-castillo.com,Usv4fM2pNYJV,Guest,TikTok,204635,Free,Brazil,English
tCoHcLREGm,Mary,Livingston,mary.livingston@jackson.com,ebzZBYB6W4B2,Admin,YouTube,155295,Premium,Germany,English
GMkU6FpYT4,Kelsey,Gonzalez,kelsey.gonzalez@weber.com,AFFi1sjPbwGg,Moderator,Facebook,949652,Free,UK,Russian
Ys4mvfPZm7,Kimberly,Ball,kimberly.ball@rivera-bailey.com,pnehzzqXwgPo,Guest,Twitter,921195,Premium,France,Korean
lQZeC2wvPo,Kimberly,Hamilton,kimberly.hamilton@smith.info,Zoly8YjD1kB4,Editor,Twitter,605134,Free,UK,Japanese
RF6vwlAz1e,Ronald,Acosta,ronald.acosta@gould-chang.com,xYHlp9491Zlc,Guest,Instagram,958623,Premium,Germany,English
5btNrAgK80,Barbara,Wilson,barbara.wilson@gray.com,DHZPOWNdIb66,Moderator,Twitter,429780,Basic,Australia,Portuguese
EJaJpGbi4v,John,Rodriguez,john.rodriguez@jones.com,0j81sI1EFRGw,Guest,Instagram,546572,Free,India,French
gcVSJnMjBQ,Carl,Anderson,carl.anderson@knight.com,ivq1aB0ckdMr,Guest,Instagram,734756,Free,Australia,Chinese
FrBmn9TdHs,James,Smith,james.smith@smith.com,C8fVMpGDHacf,Admin,Facebook,30292,Free,UK,Japanese
2qTMXVdbWW,Linda,Green,linda.green@smith-montoya.com,Ua0RfM9OXuS2,Admin,YouTube,294993,Free,Brazil,Chinese
7GmRSyBVHl,Stephanie,Williams,stephanie.williams@lee.com,jfU0zUrd7ALu,Admin,LinkedIn,186697,Basic,Canada,Japanese
mf0JY5M5RR,Christopher,Gordon,christopher.gordon@garcia-hood.com,AuSIliu5sTN7,User,Instagram,854497,Premium,Canada,Chinese
nbqH2FtqGa,Rhonda,Burnett,rhonda.burnett@murray-stewart.com,VbHpCvdwboBU,Editor,Facebook,398485,Basic,Canada,Korean
MsEY20HmTL,Andrew,Page,andrew.page@pena.com,jLOnKeQxsbGy,User,TikTok,84980,Enterprise,USA,English
UBttpdvnp3,Dana,Turner,dana.turner@moore.info,L4WJEnSQHnwP,Guest,Twitter,111074,Enterprise,Japan,Korean
vkGLnNcIwd,Cassie,Kaiser,cassie.kaiser@anderson.com,3lV26WkpBC9I,Guest,Instagram,465927,Basic,Brazil,Russian
1I4i9w9xSI,Christopher,Jenkins,christopher.jenkins@sanchez-chavez.com,gtsRE7WkMe3i,Editor,Twitter,479180,Free,UK,Chinese
IlznCN1SA8,Jennifer,Kent,jennifer.kent@sanchez-hansen.biz,2VBY5qigndNx,Admin,TikTok,410093,Enterprise,Japan,English
i4DZVrvDiH,Richard,Howe,richard.howe@bush.org,lrtD1VC6wUGp,Editor,YouTube,611832,Enterprise,Australia,English
CdRmfOcqZw,Rhonda,Grant,rhonda.grant@bailey.org,mno08Sab26qR,User,YouTube,369882,Free,Japan,Portuguese
EZ8k8bZchZ,Morgan,Manning,morgan.manning@kennedy-peters.biz,uJSXooCzImA6,Guest,YouTube,205658,Enterprise,India,Italian
HKtTHIRS5Y,Bradley,Walker,bradley.walker@smith.net,nmpMi6weU2fu,Moderator,Instagram,338258,Premium,Brazil,Spanish
EF0xr0hS2m,Amy,Madden,amy.madden@fletcher-larson.com,Vgd4pzrueQJI,Guest,TikTok,337727,Basic,Germany,Korean
xOvlZQsAgM,Lisa,Parker,lisa.parker@jones.com,XDYc8Zi6VdiR,Admin,TikTok,719239,Enterprise,Canada,Portuguese
ys16wt8KN4,Doris,Carter,doris.carter@peters.com,dsfwxITTusL6,User,TikTok,171768,Premium,Australia,Japanese
ZDpS5jO6f5,Tyler,Moore,tyler.moore@knox.com,EE22ycIhYe8a,Editor,TikTok,247304,Basic,South Korea,Chinese
unLJyZF0aX,Kelly,Combs,kelly.combs@collins.com,oOyPAYgTusrs,Admin,YouTube,162376,Enterprise,France,French
EOmBXn62L4,Ashley,Butler,ashley.butler@daniels-robles.com,H6Okm0UrbUxi,User,TikTok,704926,Premium,France,French
j4ujB7Ugoq,Stephanie,Blair,stephanie.blair@moore.org,bXVcLguTrGJx,Guest,LinkedIn,57714,Enterprise,Brazil,German
GllaXlJpYx,Jim,Contreras,jim.contreras@gonzalez-boyer.com,JYWaiHCuSwOF,User,LinkedIn,284133,Free,Japan,Korean
